Workbook

Sheet 입출고대장
A1: 입출고대장
A2: 날짜 | B2: 구분 | C2: 원산지 | D2: *와인명 | E2: 빈티지 | F2: 보관위치 | G2: 수량 | H2: 사용처/인수자 | I2: 비고
A3: 46265 | B3: 입고 | C3: 미국 | D3: 로버트 몬다비,까베르네 소비뇽 리저브 | E3: 2009 | F3: 1번랙 | G3: 3 | H3: 초기재고
A4: 46265 | B4: 입고 | C4: 미국 | D4: 로버트 몬다비,까베르네 소비뇽 리저브 | E4: 2010 | F4: 1번랙 | G4: 3 | H4: 초기재고
A5: 46265 | B5: 입고 | C5: 미국 | D5: 로버트 몬다비,까베르네 소비뇽 리저브 | E5: 2011 | F5: 1번랙 | G5: 3 | H5: 초기재고
A6: 46265 | B6: 입고 | C6: 미국 | D6: 로버트 몬다비,까베르네 소비뇽 리저브 | E6: 2012 | F6: 1번랙 | G6: 3 | H6: 초기재고
A7: 46265 | B7: 입고 | C7: 미국 | D7: 로버트 몬다비,까베르네 소비뇽 리저브 | E7: 2010 | F7: 1번랙 | G7: 9 | H7: 초기재고
A8: 46265 | B8: 입고 | C8: 호주 | D8: 토브렉, 런릭 | E8: 2007 | F8: 1번랙 | G8: 6 | H8: 초기재고
A9: 46265 | B9: 입고 | C9: 호주 | D9: 토브렉, 런릭 | E9: 2006 | F9: 1번랙 | G9: 1 | H9: 초기재고
A10: 46265 | B10: 입고 | C10: 호주 | D10: 토브렉, 런릭 | E10: 2007 | F10: 1번랙 | G10: 5 | H10: 초기재고
A11: 46265 | B11: 입고 | C11: 호주 | D11: 토브렉, 레어드 1500ml | E11: 2005 | F11: 1번랙 | G11: 2 | H11: 초기재고 | I11: 매그넘
A12: 46265 | B12: 입고 | C12: 미국 | D12: 로버트 몬다비,까베르네 소비뇽 버티칼 세트 | E12: NV | F12: 2번랙 | G12: 3 | H12: 초기재고 | I12: 세트상품
A13: 46265 | B13: 입고 | C13: 미국 | D13: 로버트 몬다비,까베르네 소비뇽 리저브(50주년 에디션) | E13: 2013 | F13: 2번랙 | G13: 3 | H13: 초기재고 | I13: 50주년 에디션
A14: 46265 | B14: 입고 | C14: 프랑스 | D14: 페블레, 꼬르똥 샤를마뉴 그랑 크뤼 | E14: 2010 | F14: 2번랙 | G14: 12 | H14: 초기재고
A15: 46265 | B15: 입고 | C15: 프랑스 | D15: 페블레,비엥브뉘 바타르 몽라쉐 그랑 크뤼 | E15: 2011 | F15: 3번랙 | G15: 6 | H15: 초기재고 | I15: 검정 나무 케이스 6병
A16: 46265 | B16: 입고 | C16: 프랑스 | D16: 페블레,바타르 몽라쉐 그랑 크뤼 | E16: 2010 | F16: 3번랙 | G16: 3 | H16: 초기재고
A17: 46265 | B17: 입고 | C17: 프랑스 | D17: 페블레,바타르 몽라쉐 그랑 크뤼 | E17: 2021 | F17: 3번랙 | G17: 3 | H17: 초기재고
A18: 46265 | B18: 입고 | C18: 프랑스 | D18: 페블레, 샹베르땡 끌로 드 베즈 우브레 로딘 그랑크뤼 | E18: 2018 | F18: 3번랙 | G18: 4 | H18: 초기재고
A19: 46265 | B19: 입고 | C19: 프랑스 | D19: 페블레, 샹베르땡 끌로 드 베즈 우브레 로딘 그랑크뤼 | E19: 2020 | F19: 3번랙 | G19: 2 | H19: 초기재고
A20: 46265 | B20: 입고 | C20: 프랑스 | D20: 페블레, 샹베르땡 끌로 드 베즈 우브레 로딘 그랑크뤼 | E20: 2019 | F20: 3번랙 | G20: 6 | H20: 초기재고
A21: 46265 | B21: 입고 | C21: 이탈리아 | D21: 루체 브루넬로 디 몬탈치노 1500ml | E21: 2012 | F21: 4번랙 | G21: 4 | H21: 초기재고 | I21: 매그넘
A22: 46265 | B22: 입고 | C22: 이탈리아 | D22: 루체 브루넬로 디 몬탈치노 1500ml | E22: 2009 | F22: 4번랙 | G22: 4 | H22: 초기재고 | I22: 매그넘
A23: 46265 | B23: 입고 | C23: 이탈리아 | D23: 루체 브루넬로 디 몬탈치노 3000ml | E23: 2012 | F23: 4번랙 | G23: 2 | H23: 초기재고 | I23: 더블매그넘
A24: 46265 | B24: 입고 | C24: 이탈리아 | D24: 프레스코발디,카스텔지오콘도 리제르바 1500ml | E24: 2008 | F24: 4번랙 | G24: 3 | H24: 초기재고 | I24: 매그넘
A25: 46265 | B25: 입고 | C25: 이탈리아 | D25: 프레스코발디,카스텔지오콘도 리제르바 1500ml | E25: 2010 | F25: 4번랙 | G25: 7 | H25: 초기재고 | I25: 매그넘
A26: 46265 | B26: 입고 | C26: 이탈리아 | D26: 프레스코발디,카스텔지오콘도 리제르바 3000ml | E26: 2010 | F26: 4번랙 | G26: 2 | H26: 초기재고 | I26: 더블매그넘
A27: 46265 | B27: 입고 | C27: 프랑스 | D27: 아르망드 브리냑 로제 750ml | E27: NV | F27: 5번랙 | G27: 6 | H27: 초기재고 | I27: 샴페인
A28: 46265 | B28: 입고 | C28: 프랑스 | D28: 헨리옷 HENRIOT 샴페인 | E28: 1996 | F28: 5번랙 | G28: 4 | H28: 초기재고 | I28: 샴페인
A29: 46265 | B29: 입고 | C29: 프랑스 | D29: 크룩 KRUG 샴페인 | E29: NV | F29: 5번랙 | G29: 6 | H29: 초기재고 | I29: 샴페인
A30: 46265 | B30: 입고 | C30: 미국 | D30: 로버트 몬다비 리저브 | E30: 2007 | F30: 5번랙 | G30: 1 | H30: 초기재고 | I30: 선물용
A31: 46265 | B31: 입고 | C31: 칠레 | D31: 비네도 차드윅 | E31: NV | F31: 5번랙 | G31: 1 | H31: 초기재고 | I31: 선물용
A32: 46265 | B32: 입고 | C32: 프랑스 | D32: 샤또 린치 바쥐 | E32: 2005 | F32: 5번랙 | G32: 1 | H32: 초기재고 | I32: 선물용
A33: 46265 | B33: 입고 | C33: 이탈리아 | D33: 루체 | E33: 2011 | F33: 5번랙 | G33: 1 | H33: 초기재고 | I33: 선물용
A34: 46265 | B34: 입고 | C34: 미국 | D34: 오퍼스원 | E34: 2010 | F34: 5번랙 | G34: 0 | H34: 초기재고 | I34: 선물용
A35: 46265 | B35: 입고 | C35: 호주 | D35: 우드커터스 쉬라즈 | E35: NV | F35: 5번랙 | G35: 1 | H35: 초기재고 | I35: 선물용
A36: 46265 | B36: 입고 | C36: 이탈리아 | D36: Masseto (T) | E36: 2014 | F36: 5번랙 | G36: 1 | H36: 초기재고
A37: 46265 | B37: 입고 | C37: 미국 | D37: Grgich Hills Yountville Old Vine C/S | E37: 2019 | F37: 5번랙 | G37: 2 | H37: 초기재고
A38: 46265 | B38: 입고 | C38: 프랑스 | D38: (OT)Domaine Coche-Dury Puligny Montrachet Les Enseigneres | E38: 2018 | F38: 5번랙 | G38: 1 | H38: 초기재고
A39: 46265 | B39: 입고 | C39: 프랑스 | D39: Phillip Pacalet Chambolle Musigny 1er Cru "Les Sentiers" | E39: 2021 | F39: 5번랙 | G39: 1 | H39: 초기재고
A40: 46265 | B40: 입고 | C40: 프랑스 | D40: (OT)Henri Boillot Chevalier Montrachet Grand Cru Blanc | E40: 2018 | F40: 5번랙 | G40: 1 | H40: 초기재고
A41: 46265 | B41: 입고 | C41: 프랑스 | D41: Ch. Les Carmes Haut Brion | E41: 2022 | F41: 5번랙 | G41: 5 | H41: 초기재고
A42: 46265 | B42: 입고 | C42: 프랑스 | D42: 꼬띠 로띠 라 뚜르크 | E42: 2007 | F42: 6번랙 | G42: 1 | H42: 초기재고 | I42: Cote Rotie La Turque
A43: 46265 | B43: 입고 | C43: 프랑스 | D43: 꼬띠 로띠 라 물린 | E43: 2007 | F43: 6번랙 | G43: 1 | H43: 초기재고 | I43: Cote Rotie La Mouline
A44: 46265 | B44: 입고 | C44: 프랑스 | D44: 꼬띠 로띠 라 랑돈 | E44: 2007 | F44: 6번랙 | G44: 1 | H44: 초기재고 | I44: Cote Rotie La Landonne
A45: 46265 | B45: 입고 | C45: 프랑스 | D45: 꼬띠 로띠 라 뚜르크 | E45: 2009 | F45: 6번랙 | G45: 4 | H45: 초기재고 | I45: Cote Rotie La Turque
A46: 46265 | B46: 입고 | C46: 프랑스 | D46: 꼬띠 로띠 라 물린 | E46: 2009 | F46: 6번랙 | G46: 4 | H46: 초기재고 | I46: Cote Rotie La Mouline
A47: 46265 | B47: 입고 | C47: 프랑스 | D47: 꼬띠 로띠 라 랑돈 | E47: 2009 | F47: 6번랙 | G47: 4 | H47: 초기재고 | I47: Cote Rotie La Landonne
A48: 46265 | B48: 입고 | C48: 프랑스 | D48: 자쿠스 셀로스 750ml 샴페인 | E48: NV | F48: 6번랙 | G48: 12 | H48: 초기재고 | I48: 샴페인
A49: 46265 | B49: 입고 | C49: 프랑스 | D49: 파빌리온 루즈 샤또 마고 | E49: 2008 | F49: 6번랙 | G49: 12 | H49: 초기재고 | I49: Pavillon Rouge
A50: 46265 | B50: 입고 | C50: 프랑스 | D50: 볼랭저, 007 그랑아네 009 1500ml | E50: 2009 | F50: 7번랙 | G50: 6 | H50: 초기재고 | I50: 매그넘
A51: 46265 | B51: 입고 | C51: 프랑스 | D51: 볼랭저, 피엔 18 AYC 1500ml | E51: NV | F51: 7번랙 | G51: 6 | H51: 초기재고 | I51: 매그넘
A52: 46265 | B52: 입고 | C52: 프랑스 | D52: 페블레, 꼬르똥 끌로 데 꼬르똥 그랑 크뤼 | E52: 2010 | F52: 7번랙 | G52: 12 | H52: 초기재고 | I52: Faiveley
A53: 46265 | B53: 입고 | C53: 프랑스 | D53: 샤또 꼬스 데 뚜르넬 | E53: 2006 | F53: 8번랙 | G53: 12 | H53: 초기재고 | I53: Ch.Cos d'estournel
A54: 46265 | B54: 입고 | C54: 프랑스 | D54: 샤또 오-브리옹 | E54: 1994 | F54: 8번랙 | G54: 18 | H54: 초기재고 | I54: Ch.Haut-Brion
A55: 46265 | B55: 입고 | C55: 프랑스 | D55: 샤또 피지악 | E55: 2005 | F55: 8번랙 | G55: 18 | H55: 초기재고 | I55: Ch.Figeac
A56: 46265 | B56: 입고 | C56: 프랑스 | D56: 샤또 피지악 | E56: 2006 | F56: 8번랙 | G56: 6 | H56: 초기재고 | I56: Ch.Figeac
A57: 46265 | B57: 입고 | C57: 미국 | D57: 씨네퀴넌 | E57: 2011 | F57: 9번랙 | G57: 5 | H57: 초기재고 | I57: Sine Qua Non
A58: 46265 | B58: 입고 | C58: 미국 | D58: 씨네퀴넌 | E58: 2011 | F58: 9번랙 | G58: 6 | H58: 초기재고 | I58: Sine Qua Non
A59: 46265 | B59: 입고 | C59: 미국 | D59: 씨네퀴넌 | E59: 2011 | F59: 9번랙 | G59: 6 | H59: 초기재고 | I59: Sine Qua Non
A60: 46265 | B60: 입고 | C60: 미국 | D60: 씨네퀴넌 | E60: 2011 | F60: 9번랙 | G60: 5 | H60: 초기재고 | I60: Sine Qua Non
A61: 46265 | B61: 입고 | C61: 프랑스 | D61: 샤또 마고 | E61: 2005 | F61: 9번랙 | G61: 5 | H61: 초기재고 | I61: Ch.Margaux
A62: 46265 | B62: 입고 | C62: 미국 | D62: 오소메 | E62: 2010 | F62: 10번랙 | G62: 2 | H62: 초기재고 | I62: Au Sommet
A63: 46265 | B63: 입고 | C63: 미국 | D63: 오소메 | E63: 2011 | F63: 10번랙 | G63: 1 | H63: 초기재고 | I63: Au Sommet
... A88: 46265 | B88: 입고 | C88: 프랑스 | D88: 로랑페리에 | E88: 2004 | F88: 14번랙 | G88: 3 | H88: 초기재고 | I88: 샴페인
A89: 46265 | B89: 입고 | C89: 프랑스 | D89: 자크숑 릴레징 | E89: NV | F89: 14번랙 | G89: 1 | H89: 초기재고 | I89: 샴페인
A90: 46265 | B90: 입고 | C90: 프랑스 | D90: 돔페리뇽 | E90: 2006 | F90: 14번랙 | G90: 1 | H90: 초기재고 | I90: 샴페인
A91: 46265 | B91: 입고 | C91: 프랑스 | D91: 크룩 KRUG 샴페인 | E91: 1998 | F91: 14번랙 | G91: 1 | H91: 초기재고 | I91: 샴페인
A92: 46265 | B92: 입고 | C92: 프랑스 | D92: 볼랭저, 비에이 비뉴 프랑세스 | E92: 2005 | F92: 14번랙 | G92: 3 | H92: 초기재고 | I92: 샴페인 (Bollinger VVF)
A93: 46265 | B93: 입고 | C93: 프랑스 | D93: 샤또 앙젤루스 | E93: 2005 | F93: 15번랙 | G93: 6 | H93: 초기재고 | I93: Ch.Angelus
A94: 46265 | B94: 입고 | C94: 프랑스 | D94: 샤또 라플레르 | E94: 1995 | F94: 15번랙 | G94: 5 | H94: 초기재고 | I94: Ch.Lafleur
A95: 46265 | B95: 입고 | C95: 프랑스 | D95: 샤또 앙젤루스 | E95: 2003 | F95: 15번랙 | G95: 36 | H95: 초기재고 | I95: Ch.Angelus
A96: 46265 | B96: 입고 | C96: 미국 | D96: 케이머스 S.셀렉션 (매그넘) | E96: 2013 | F96: 15번랙 | G96: 1 | H96: 초기재고 | I96: 매그넘 (Caymus S. Selection)
A97: 46265 | B97: 입고 | C97: 미국 | D97: 오퍼스원 | E97: 2010 | F97: 15번랙 | G97: 2 | H97: 초기재고 | I97: 매그넘 (Opus One)
A98: 46265 | B98: 입고 | C98: 프랑스 | D98: 프랑수아 까리용 퓔리니 몽라셰 | E98: 2020 | F98: 15번랙 | G98: 2 | H98: 초기재고 | I98: Carillon Francois Puligny Montrachet
A99: 46265 | B99: 입고 | C99: 프랑스 | D99: 도멘 장테 팡시오 샤름 샹베르탱 그랑 크뤼 (매그넘) | E99: 2019 | F99: 15번랙 | G99: 1 | H99: 초기재고 | I99: 매그넘
A100: 46265 | B100: 입고 | C100: 프랑스 | D100: 메종 카미유 지로 샹볼 뮈지니 1등급 레 제샹주 | E100: 2017 | F100: 15번랙 | G100: 2 | H100: 초기재고 | I100: MAISON CAMILLE GIROUD
A101: 46265 | B101: 입고 | C101: 프랑스 | D101: 도멘 장테 팡시오 샤름 샹베르탱 그랑 크뤼 (매그넘) | E101: 2019 | F101: 15번랙 | G101: 1 | H101: 초기재고 | I101: 매그넘
... A107: 46265 | B107: 입고 | C107: 이탈리아 | D107: 사시까이아 6L | E107: 2015 | F107: 17번랙 | G107: 1 | H107: 초기재고 | I107: 임페리얼 6L
A108: 46265 | B108: 입고 | C108: 이탈리아 | D108: 사시까이아 | E108: 2014 | F108: 17번랙 | G108: 5 | H108: 초기재고
A109: 46265 | B109: 입고 | C109: 이탈리아 | D109: 사시까이아 | E109: 2006 | F109: 17번랙 | G109: 6 | H109: 초기재고
A110: 46265 | B110: 입고 | C110: 이탈리아 | D110: 사시까이아 | E110: 2010 | F110: 17번랙 | G110: 6 | H110: 초기재고
A111: 46265 | B111: 입고 | C111: 이탈리아 | D111: 사시까이아 | E111: 2006 | F111: 17번랙 | G111: 5 | H111: 초기재고
A112: 46265 | B112: 입고 | C112: 이탈리아 | D112: 사시까이아 | E112: 2010 | F112: 17번랙 | G112: 6 | H112: 초기재고
A113: 46265 | B113: 입고 | C113: 이탈리아 | D113: 가야, 스페르스 | E113: 2001 | F113: 17번랙 | G113: 6 | H113: 초기재고 | I113: Gaja Sperss
A114: 46265 | B114: 입고 | C114: 이탈리아 | D114: 가야, 브루넬로 디 몬탈치노 수가릴레 | E114: 2010 | F114: 17번랙 | G114: 6 | H114: 초기재고 | I114: Gaja BDM Sugarille
A115: 46265 | B115: 입고 | C115: 이탈리아 | D115: 가야 나무 박스 | E115: NV | F115: 18번랙 | G115: 12 | H115: 초기재고 | I115: Gaja Wood Box
A116: 46265 | B116: 입고 | C116: 이탈리아 | D116: VINO ROSSO | E116: 2009 | F116: 18번랙 | G116: 6 | H116: 초기재고 | I116: 1박스 (6병 기준)
A117: 46265 | B117: 입고 | C117: 이탈리아 | D117: VINO BIANCO | E117: 2011 | F117: 18번랙 | G117: 6 | H117: 초기재고 | I117: 1박스 (6병 기준)
A118: 46265 | B118: 입고 | C118: 이탈리아 | D118: VINO ROSSO | E118: 2010 | F118: 18번랙 | G118: 6 | H118: 초기재고 | I118: 1박스 (6병 기준)
A119: 46265 | B119: 입고 | C119: 이탈리아 | D119: 고르고나 Gorgona | E119: 2014 | F119: 19번랙 | G119: 6 | H119: 초기재고
A120: 46265 | B120: 입고 | C120: 프랑스 | D120: 샤또 라피트 로칠드 | E120: 1999 | F120: 19번랙 | G120: 6 | H120: 초기재고 | I120: Ch.Lafite Rothschild
A121: 46265 | B121: 입고 | C121: 프랑스 | D121: 샤또 오존 | E121: 2006 | F121: 19번랙 | G121: 1 | H121: 초기재고 | I121: Ch.Ausone
A122: 46265 | B122: 입고 | C122: 프랑스 | D122: 샤또 오존 | E122: 2008 | F122: 19번랙 | G122: 1 | H122: 초기재고 | I122: Ch.Ausone
A123: 46265 | B123: 입고 | C123: 프랑스 | D123: 샤또 슈발 블랑 | E123: 2004 | F123: 19번랙 | G123: 1 | H123: 초기재고 | I123: Ch.Cheval Blanc
A124: 46265 | B124: 입고 | C124: 프랑스 | D124: 샤또 페트뤼스 | E124: 2006 | F124: 19번랙 | G124: 3 | H124: 초기재고 | I124: Ch.Petrus
A125: 46265 | B125: 입고 | C125: 프랑스 | D125: 샤또 마고 | E125: 1996 | F125: 19번랙 | G125: 3 | H125: 초기재고 | I125: Ch.Margaux
A126: 46265 | B126: 입고 | C126: 프랑스 | D126: 샤또 마고 | E126: 2002 | F126: 19번랙 | G126: 1 | H126: 초기재고 | I126: Ch.Margaux
A127: 46265 | B127: 입고 | C127: 프랑스 | D127: 샤또 오-브리옹 | E127: 2003 | F127: 19번랙 | G127: 5 | H127: 초기재고 | I127: Ch.Haut-Brion
A128: 46265 | B128: 입고 | C128: 프랑스 | D128: 샤또 디켐 | E128: 2005 | F128: 19번랙 | G128: 1 | H128: 초기재고 | I128: Ch.d'yquem
A129: 46265 | B129: 입고 | C129: 프랑스 | D129: 샤또 오-브리옹 블랑 | E129: 2006 | F129: 19번랙 | G129: 1 | H129: 초기재고 | I129: Ch.Haut-Brion Blanc
...

Sheet 와인재고현황
A1: 와 인 재 고 현 황
A2: 원산지 | B2: 와인명 | C2: 빈티지 | D2: 보관위치 | E2: 총 입고량 | F2: 총 출고량 | G2: 현재고 | H2: 상태 | I2: 비고
A3: {=_xlfn.LET( _xlpm.data, _xlfn.UNIQUE(_xlfn._xlws.FILTER(입출고대장!C3:F2999, 입출고대장!D3:D2999<>"")), _xlpm.racks, INDEX(_xlpm.data,,4), _xlpm.rack_num, IFERROR(--_xlfn.TEXTBEFORE(_xlpm.racks, "번"), 999), _xlpm.country, INDEX(_xlpm.data,,1), _xlpm.w_name, INDEX(_xlpm.data,,2), _xlpm.vint, INDEX(_xlpm.data,,3), _xlfn.SORTBY(_xlpm.data, _xlpm.rack_num, 1, _xlpm.racks, 1, _xlpm.country, 1, _xlpm.w_name, 1, _xlpm.vint, 1) )} -> 미국 | B3: 로버트 몬다비,까베르네 소비뇽 리저브 | C3: 2009 | D3: 1번랙 | E3: {=_xlfn.MAP(INDEX(_xlfn.ANCHORARRAY(A3),,2), INDEX(_xlfn.ANCHORARRAY(A3),,3), INDEX(_xlfn.ANCHORARRAY(A3),,4), _xlfn.LAMBDA(_xlpm.w,_xlpm.v,_xlpm.l, SUMIFS(입출고대장!G:G, 입출고대장!D:D, _xlpm.w, 입출고대장!E:E, _xlpm.v, 입출고대장!F:F, _xlpm.l, 입출고대장!B:B, "입고")))} -> 3 | F3: {=_xlfn.MAP(INDEX(_xlfn.ANCHORARRAY(A3),,2), INDEX(_xlfn.ANCHORARRAY(A3),,3), INDEX(_xlfn.ANCHORARRAY(A3),,4), _xlfn.LAMBDA(_xlpm.w,_xlpm.v,_xlpm.l, SUMIFS(입출고대장!G:G, 입출고대장!D:D, _xlpm.w, 입출고대장!E:E, _xlpm.v, 입출고대장!F:F, _xlpm.l, 입출고대장!B:B, "출고")))} -> 0 | G3: {=_xlfn.ANCHORARRAY(E3) -_xlfn.ANCHORARRAY( F3)} -> 3 | H3: {=IF(_xlfn.ANCHORARRAY(G3)<=0, "재고없음", "정상")} -> 정상 | I3: {=IF(B3="", "", _xlfn.TEXTJOIN(", ", TRUE, _xlfn.UNIQUE(_xlfn._xlws.FILTER(입출고대장!$I:$I, (입출고대장!$D:$D=B3)*(입출고대장!$E:$E=C3)*(입출고대장!$F:$F=D3)*(입출고대장!$I:$I<>""), ""))))}
A4: 미국 | B4: 로버트 몬다비,까베르네 소비뇽 리저브 | C4: 2010 | D4: 1번랙 | E4: 12 | F4: 9 | G4: 3 | H4: 정상 | I4: {=IF(B4="", "", _xlfn.TEXTJOIN(", ", TRUE, _xlfn.UNIQUE(_xlfn._xlws.FILTER(입출고대장!$I:$I, (입출고대장!$D:$D=B4)*(입출고대장!$E:$E=C4)*(입출고대장!$F:$F=D4)*(입출고대장!$I:$I<>""), ""))))}
A5: 미국 | B5: 로버트 몬다비,까베르네 소비뇽 리저브 | C5: 2011 | D5: 1번랙 | E5: 3 | F5: 0 | G5: 3 | H5: 정상 | I5: {=IF(B5="", "", _xlfn.TEXTJOIN(", ", TRUE, _xlfn.UNIQUE(_xlfn._xlws.FILTER(입출고대장!$I:$I, (입출고대장!$D:$D=B5)*(입출고대장!$E:$E=C5)*(입출고대장!$F:$F=D5)*(입출고대장!$I:$I<>""), ""))))}
A6: 미국 | B6: 로버트 몬다비,까베르네 소비뇽 리저브 | C6: 2012 | D6: 1번랙 | E6: 3 | F6: 0 | G6: 3 | H6: 정상 | I6: {=IF(B6="", "", _xlfn.TEXTJOIN(", ", TRUE, _xlfn.UNIQUE(_xlfn._xlws.FILTER(입출고대장!$I:$I, (입출고대장!$D:$D=B6)*(입출고대장!$E:$E=C6)*(입출고대장!$F:$F=D6)*(입출고대장!$I:$I<>""), ""))))}
A7: 호주 | B7: 토브렉, 런릭 | C7: 2006 | D7: 1번랙 | E7: 1 | F7: 0 | G7: 1 | H7: 정상 | I7: {=IF(B7="", "", _xlfn.TEXTJOIN(", ", TRUE, _xlfn.UNIQUE(_xlfn._xlws.FILTER(입출고대장!$I:$I, (입출고대장!$D:$D=B7)*(입출고대장!$E:$E=C7)*(입출고대장!$F:$F=D7)*(입출고대장!$I:$I<>""), ""))))}
A8: 호주 | B8: 토브렉, 런릭 | C8: 2007 | D8: 1번랙 | E8: 11 | F8: 0 | G8: 11 | H8: 정상 | I8: {=IF(B8="", "", _xlfn.TEXTJOIN(", ", TRUE, _xlfn.UNIQUE(_xlfn._xlws.FILTER(입출고대장!$I:$I, (입출고대장!$D:$D=B8)*(입출고대장!$E:$E=C8)*(입출고대장!$F:$F=D8)*(입출고대장!$I:$I<>""), ""))))}
A9: 호주 | B9: 토브렉, 레어드 1500ml | C9: 2005 | D9: 1번랙 | E9: 2 | F9: 0 | G9: 2 | H9: 정상 | I9: {=IF(B9="", "", _xlfn.TEXTJOIN(", ", TRUE, _xlfn.UNIQUE(_xlfn._xlws.FILTER(입출고대장!$I:$I, (입출고대장!$D:$D=B9)*(입출고대장!$E:$E=C9)*(입출고대장!$F:$F=D9)*(입출고대장!$I:$I<>""), ""))))} -> 매그넘
A10: 미국 | B10: 더 마스코트 | C10: 2020 | D10: 1번랙(천장) | E10: 1 | F10: 0 | G10: 1 | H10: 정상 | I10: {=IF(B10="", "", _xlfn.TEXTJOIN(", ", TRUE, _xlfn.UNIQUE(_xlfn._xlws.FILTER(입출고대장!$I:$I, (입출고대장!$D:$D=B10)*(입출고대장!$E:$E=C10)*(입출고대장!$F:$F=D10)*(입출고대장!$I:$I<>""), ""))))}
A11: 미국 | B11: 씨네퀴넌 | C11: 2013 | D11: 1번랙(천장) | E11: 13 | F11: 0 | G11: 13 | H11: 정상 | I11: {=IF(B11="", "", _xlfn.TEXTJOIN(", ", TRUE, _xlfn.UNIQUE(_xlfn._xlws.FILTER(입출고대장!$I:$I, (입출고대장!$D:$D=B11)*(입출고대장!$E:$E=C11)*(입출고대장!$F:$F=D11)*(입출고대장!$I:$I<>""), ""))))}
A12: 미국 | B12: 제이드 팰리스 골프클럽 | C12: 2022 | D12: 1번랙(천장) | E12: 1 | F12: 0 | G12: 1 | H12: 정상 | I12: {=IF(B12="", "", _xlfn.TEXTJOIN(", ", TRUE, _xlfn.UNIQUE(_xlfn._xlws.FILTER(입출고대장!$I:$I, (입출고대장!$D:$D=B12)*(입출고대장!$E:$E=C12)*(입출고대장!$F:$F=D12)*(입출고대장!$I:$I<>""), ""))))}
A13: 미국 | B13: 피터 마이클, 레 파보 | C13: 2019 | D13: 1번랙(천장) | E13: 1 | F13: 0 | G13: 1 | H13: 정상 | I13: {=IF(B13="", "", _xlfn.TEXTJOIN(", ", TRUE, _xlfn.UNIQUE(_xlfn._xlws.FILTER(입출고대장!$I:$I, (입출고대장!$D:$D=B13)*(입출고대장!$E:$E=C13)*(입출고대장!$F:$F=D13)*(입출고대장!$I:$I<>""), ""))))}
A14: 스페인 | B14: 펠릭스 카예호, 셀렉시온 데 비녜도스 데 라 파밀리아 | C14: 2004 | D14: 1번랙(천장) | E14: 1 | F14: 0 | G14: 1 | H14: 정상 | I14: {=IF(B14="", "", _xlfn.TEXTJOIN(", ", TRUE, _xlfn.UNIQUE(_xlfn._xlws.FILTER(입출고대장!$I:$I, (입출고대장!$D:$D=B14)*(입출고대장!$E:$E=C14)*(입출고대장!$F:$F=D14)*(입출고대장!$I:$I<>""), ""))))}
A15: 이탈리아 | B15: 가야, 다르마지 | C15: 2015 | D15: 1번랙(천장) | E15: 1 | F15: 0 | G15: 1 | H15: 정상 | I15: {=IF(B15="", "", _xlfn.TEXTJOIN(", ", TRUE, _xlfn.UNIQUE(_xlfn._xlws.FILTER(입출고대장!$I:$I, (입출고대장!$D:$D=B15)*(입출고대장!$E:$E=C15)*(입출고대장!$F:$F=D15)*(입출고대장!$I:$I<>""), ""))))}
... A26: 미국 | B26: 로버트 몬다비,까베르네 소비뇽 리저브(50주년 에디션) | C26: 2013 | D26: 2번랙 | E26: 3 | F26: 0 | G26: 3 | H26: 정상 | I26: {=IF(B26="", "", _xlfn.TEXTJOIN(", ", TRUE, _xlfn.UNIQUE(_xlfn._xlws.FILTER(입출고대장!$I:$I, (입출고대장!$D:$D=B26)*(입출고대장!$E:$E=C26)*(입출고대장!$F:$F=D26)*(입출고대장!$I:$I<>""), ""))))} -> 50주년 에디션
A27: 미국 | B27: 로버트 몬다비,까베르네 소비뇽 버티칼 세트 | C27: NV | D27: 2번랙 | E27: 3 | F27: 0 | G27: 3 | H27: 정상 | I27: {=IF(B27="", "", _xlfn.TEXTJOIN(", ", TRUE, _xlfn.UNIQUE(_xlfn._xlws.FILTER(입출고대장!$I:$I, (입출고대장!$D:$D=B27)*(입출고대장!$E:$E=C27)*(입출고대장!$F:$F=D27)*(입출고대장!$I:$I<>""), ""))))} -> 세트상품
A28: 프랑스 | B28: 페블레, 꼬르똥 샤를마뉴 그랑 크뤼 | C28: 2010 | D28: 2번랙 | E28: 12 | F28: 0 | G28: 12 | H28: 정상 | I28: {=IF(B28="", "", _xlfn.TEXTJOIN(", ", TRUE, _xlfn.UNIQUE(_xlfn._xlws.FILTER(입출고대장!$I:$I, (입출고대장!$D:$D=B28)*(입출고대장!$E:$E=C28)*(입출고대장!$F:$F=D28)*(입출고대장!$I:$I<>""), ""))))}
A29: 프랑스 | B29: 페블레, 샹베르땡 끌로 드 베즈 우브레 로딘 그랑크뤼 | C29: 2018 | D29: 3번랙 | E29: 4 | F29: 0 | G29: 4 | H29: 정상 | I29: {=IF(B29="", "", _xlfn.TEXTJOIN(", ", TRUE, _xlfn.UNIQUE(_xlfn._xlws.FILTER(입출고대장!$I:$I, (입출고대장!$D:$D=B29)*(입출고대장!$E:$E=C29)*(입출고대장!$F:$F=D29)*(입출고대장!$I:$I<>""), ""))))}
A30: 프랑스 | B30: 페블레, 샹베르땡 끌로 드 베즈 우브레 로딘 그랑크뤼 | C30: 2019 | D30: 3번랙 | E30: 6 | F30: 0 | G30: 6 | H30: 정상 | I30: {=IF(B30="", "", _xlfn.TEXTJOIN(", ", TRUE, _xlfn.UNIQUE(_xlfn._xlws.FILTER(입출고대장!$I:$I, (입출고대장!$D:$D=B30)*(입출고대장!$E:$E=C30)*(입출고대장!$F:$F=D30)*(입출고대장!$I:$I<>""), ""))))}
A31: 프랑스 | B31: 페블레, 샹베르땡 끌로 드 베즈 우브레 로딘 그랑크뤼 | C31: 2020 | D31: 3번랙 | E31: 2 | F31: 0 | G31: 2 | H31: 정상 | I31: {=IF(B31="", "", _xlfn.TEXTJOIN(", ", TRUE, _xlfn.UNIQUE(_xlfn._xlws.FILTER(입출고대장!$I:$I, (입출고대장!$D:$D=B31)*(입출고대장!$E:$E=C31)*(입출고대장!$F:$F=D31)*(입출고대장!$I:$I<>""), ""))))}
A32: 프랑스 | B32: 페블레,바타르 몽라쉐 그랑 크뤼 | C32: 2010 | D32: 3번랙 | E32: 3 | F32: 0 | G32: 3 | H32: 정상 | I32: {=IF(B32="", "", _xlfn.TEXTJOIN(", ", TRUE, _xlfn.UNIQUE(_xlfn._xlws.FILTER(입출고대장!$I:$I, (입출고대장!$D:$D=B32)*(입출고대장!$E:$E=C32)*(입출고대장!$F:$F=D32)*(입출고대장!$I:$I<>""), ""))))}
A33: 프랑스 | B33: 페블레,바타르 몽라쉐 그랑 크뤼 | C33: 2021 | D33: 3번랙 | E33: 3 | F33: 0 | G33: 3 | H33: 정상 | I33: {=IF(B33="", "", _xlfn.TEXTJOIN(", ", TRUE, _xlfn.UNIQUE(_xlfn._xlws.FILTER(입출고대장!$I:$I, (입출고대장!$D:$D=B33)*(입출고대장!$E:$E=C33)*(입출고대장!$F:$F=D33)*(입출고대장!$I:$I<>""), ""))))}
A34: 프랑스 | B34: 페블레,비엥브뉘 바타르 몽라쉐 그랑 크뤼 | C34: 2011 | D34: 3번랙 | E34: 6 | F34: 0 | G34: 6 | H34: 정상 | I34: {=IF(B34="", "", _xlfn.TEXTJOIN(", ", TRUE, _xlfn.UNIQUE(_xlfn._xlws.FILTER(입출고대장!$I:$I, (입출고대장!$D:$D=B34)*(입출고대장!$E:$E=C34)*(입출고대장!$F:$F=D34)*(입출고대장!$I:$I<>""), ""))))} -> 검정 나무 케이스 6병
A35: 이탈리아 | B35: 루체 브루넬로 디 몬탈치노 1500ml | C35: 2009 | D35: 4번랙 | E35: 4 | F35: 0 | G35: 4 | H35: 정상 | I35: {=IF(B35="", "", _xlfn.TEXTJOIN(", ", TRUE, _xlfn.UNIQUE(_xlfn._xlws.FILTER(입출고대장!$I:$I, (입출고대장!$D:$D=B35)*(입출고대장!$E:$E=C35)*(입출고대장!$F:$F=D35)*(입출고대장!$I:$I<>""), ""))))} -> 매그넘
A36: 이탈리아 | B36: 루체 브루넬로 디 몬탈치노 1500ml | C36: 2012 | D36: 4번랙 | E36: 4 | F36: 0 | G36: 4 | H36: 정상 | I36: {=IF(B36="", "", _xlfn.TEXTJOIN(", ", TRUE, _xlfn.UNIQUE(_xlfn._xlws.FILTER(입출고대장!$I:$I, (입출고대장!$D:$D=B36)*(입출고대장!$E:$E=C36)*(입출고대장!$F:$F=D36)*(입출고대장!$I:$I<>""), ""))))} -> 매그넘
A37: 이탈리아 | B37: 루체 브루넬로 디 몬탈치노 3000ml | C37: 2012 | D37: 4번랙 | E37: 2 | F37: 0 | G37: 2 | H37: 정상 | I37: {=IF(B37="", "", _xlfn.TEXTJOIN(", ", TRUE, _xlfn.UNIQUE(_xlfn._xlws.FILTER(입출고대장!$I:$I, (입출고대장!$D:$D=B37)*(입출고대장!$E:$E=C37)*(입출고대장!$F:$F=D37)*(입출고대장!$I:$I<>""), ""))))} -> 더블매그넘
A38: 이탈리아 | B38: 프레스코발디,카스텔지오콘도 리제르바 1500ml | C38: 2008 | D38: 4번랙 | E38: 3 | F38: 0 | G38: 3 | H38: 정상 | I38: {=IF(B38="", "", _xlfn.TEXTJOIN(", ", TRUE, _xlfn.UNIQUE(_xlfn._xlws.FILTER(입출고대장!$I:$I, (입출고대장!$D:$D=B38)*(입출고대장!$E:$E=C38)*(입출고대장!$F:$F=D38)*(입출고대장!$I:$I<>""), ""))))} -> 매그넘
A39: 이탈리아 | B39: 프레스코발디,카스텔지오콘도 리제르바 1500ml | C39: 2010 | D39: 4번랙 | E39: 7 | F39: 0 | G39: 7 | H39: 정상 | I39: {=IF(B39="", "", _xlfn.TEXTJOIN(", ", TRUE, _xlfn.UNIQUE(_xlfn._xlws.FILTER(입출고대장!$I:$I, (입출고대장!$D:$D=B39)*(입출고대장!$E:$E=C39)*(입출고대장!$F:$F=D39)*(입출고대장!$I:$I<>""), ""))))} -> 매그넘
... A45: 이탈리아 | B45: 루체 | C45: 2011 | D45: 5번랙 | E45: 1 | F45: 0 | G45: 1 | H45: 정상 | I45: {=IF(B45="", "", _xlfn.TEXTJOIN(", ", TRUE, _xlfn.UNIQUE(_xlfn._xlws.FILTER(입출고대장!$I:$I, (입출고대장!$D:$D=B45)*(입출고대장!$E:$E=C45)*(입출고대장!$F:$F=D45)*(입출고대장!$I:$I<>""), ""))))} -> 선물용
A46: 칠레 | B46: 비네도 차드윅 | C46: NV | D46: 5번랙 | E46: 1 | F46: 0 | G46: 1 | H46: 정상 | I46: {=IF(B46="", "", _xlfn.TEXTJOIN(", ", TRUE, _xlfn.UNIQUE(_xlfn._xlws.FILTER(입출고대장!$I:$I, (입출고대장!$D:$D=B46)*(입출고대장!$E:$E=C46)*(입출고대장!$F:$F=D46)*(입출고대장!$I:$I<>""), ""))))} -> 선물용
A47: 프랑스 | B47: (OT)Domaine Coche-Dury Puligny Montrachet Les Enseigneres | C47: 2018 | D47: 5번랙 | E47: 1 | F47: 0 | G47: 1 | H47: 정상 | I47: {=IF(B47="", "", _xlfn.TEXTJOIN(", ", TRUE, _xlfn.UNIQUE(_xlfn._xlws.FILTER(입출고대장!$I:$I, (입출고대장!$D:$D=B47)*(입출고대장!$E:$E=C47)*(입출고대장!$F:$F=D47)*(입출고대장!$I:$I<>""), ""))))}
A48: 프랑스 | B48: (OT)Henri Boillot Chevalier Montrachet Grand Cru Blanc | C48: 2018 | D48: 5번랙 | E48: 1 | F48: 0 | G48: 1 | H48: 정상 | I48: {=IF(B48="", "", _xlfn.TEXTJOIN(", ", TRUE, _xlfn.UNIQUE(_xlfn._xlws.FILTER(입출고대장!$I:$I, (입출고대장!$D:$D=B48)*(입출고대장!$E:$E=C48)*(입출고대장!$F:$F=D48)*(입출고대장!$I:$I<>""), ""))))}
A49: 프랑스 | B49: Ch. Les Carmes Haut Brion | C49: 2022 | D49: 5번랙 | E49: 5 | F49: 0 | G49: 5 | H49: 정상 | I49: {=IF(B49="", "", _xlfn.TEXTJOIN(", ", TRUE, _xlfn.UNIQUE(_xlfn._xlws.FILTER(입출고대장!$I:$I, (입출고대장!$D:$D=B49)*(입출고대장!$E:$E=C49)*(입출고대장!$F:$F=D49)*(입출고대장!$I:$I<>""), ""))))}
A50: 프랑스 | B50: Phillip Pacalet Chambolle Musigny 1er Cru "Les Sentiers" | C50: 2021 | D50: 5번랙 | E50: 1 | F50: 0 | G50: 1 | H50: 정상 | I50: {=IF(B50="", "", _xlfn.TEXTJOIN(", ", TRUE, _xlfn.UNIQUE(_xlfn._xlws.FILTER(입출고대장!$I:$I, (입출고대장!$D:$D=B50)*(입출고대장!$E:$E=C50)*(입출고대장!$F:$F=D50)*(입출고대장!$I:$I<>""), ""))))}
A51: 프랑스 | B51: 샤또 린치 바쥐 | C51: 2005 | D51: 5번랙 | E51: 1 | F51: 0 | G51: 1 | H51: 정상 | I51: {=IF(B51="", "", _xlfn.TEXTJOIN(", ", TRUE, _xlfn.UNIQUE(_xlfn._xlws.FILTER(입출고대장!$I:$I, (입출고대장!$D:$D=B51)*(입출고대장!$E:$E=C51)*(입출고대장!$F:$F=D51)*(입출고대장!$I:$I<>""), ""))))} -> 선물용
A52: 프랑스 | B52: 아르망드 브리냑 로제 750ml | C52: NV | D52: 5번랙 | E52: 6 | F52: 0 | G52: 6 | H52: 정상 | I52: {=IF(B52="", "", _xlfn.TEXTJOIN(", ", TRUE, _xlfn.UNIQUE(_xlfn._xlws.FILTER(입출고대장!$I:$I, (입출고대장!$D:$D=B52)*(입출고대장!$E:$E=C52)*(입출고대장!$F:$F=D52)*(입출고대장!$I:$I<>""), ""))))} -> 샴페인
A53: 프랑스 | B53: 크룩 KRUG 샴페인 | C53: NV | D53: 5번랙 | E53: 6 | F53: 0 | G53: 6 | H53: 정상 | I53: {=IF(B53="", "", _xlfn.TEXTJOIN(", ", TRUE, _xlfn.UNIQUE(_xlfn._xlws.FILTER(입출고대장!$I:$I, (입출고대장!$D:$D=B53)*(입출고대장!$E:$E=C53)*(입출고대장!$F:$F=D53)*(입출고대장!$I:$I<>""), ""))))} -> 샴페인
A54: 프랑스 | B54: 헨리옷 HENRIOT 샴페인 | C54: 1996 | D54: 5번랙 | E54: 4 | F54: 0 | G54: 4 | H54: 정상 | I54: {=IF(B54="", "", _xlfn.TEXTJOIN(", ", TRUE, _xlfn.UNIQUE(_xlfn._xlws.FILTER(입출고대장!$I:$I, (입출고대장!$D:$D=B54)*(입출고대장!$E:$E=C54)*(입출고대장!$F:$F=D54)*(입출고대장!$I:$I<>""), ""))))} -> 샴페인
A55: 호주 | B55: 우드커터스 쉬라즈 | C55: NV | D55: 5번랙 | E55: 1 | F55: 0 | G55: 1 | H55: 정상 | I55: {=IF(B55="", "", _xlfn.TEXTJOIN(", ", TRUE, _xlfn.UNIQUE(_xlfn._xlws.FILTER(입출고대장!$I:$I, (입출고대장!$D:$D=B55)*(입출고대장!$E:$E=C55)*(입출고대장!$F:$F=D55)*(입출고대장!$I:$I<>""), ""))))} -> 선물용
A56: 프랑스 | B56: 꼬띠 로띠 라 뚜르크 | C56: 2007 | D56: 6번랙 | E56: 1 | F56: 0 | G56: 1 | H56: 정상 | I56: {=IF(B56="", "", _xlfn.TEXTJOIN(", ", TRUE, _xlfn.UNIQUE(_xlfn._xlws.FILTER(입출고대장!$I:$I, (입출고대장!$D:$D=B56)*(입출고대장!$E:$E=C56)*(입출고대장!$F:$F=D56)*(입출고대장!$I:$I<>""), ""))))} -> Cote Rotie La Turque
A57: 프랑스 | B57: 꼬띠 로띠 라 뚜르크 | C57: 2009 | D57: 6번랙 | E57: 4 | F57: 0 | G57: 4 | H57: 정상 | I57: {=IF(B57="", "", _xlfn.TEXTJOIN(", ", TRUE, _xlfn.UNIQUE(_xlfn._xlws.FILTER(입출고대장!$I:$I, (입출고대장!$D:$D=B57)*(입출고대장!$E:$E=C57)*(입출고대장!$F:$F=D57)*(입출고대장!$I:$I<>""), ""))))} -> Cote Rotie La Turque
A58: 프랑스 | B58: 꼬띠 로띠 라 랑돈 | C58: 2007 | D58: 6번랙 | E58: 1 | F58: 0 | G58: 1 | H58: 정상 | I58: {=IF(B58="", "", _xlfn.TEXTJOIN(", ", TRUE, _xlfn.UNIQUE(_xlfn._xlws.FILTER(입출고대장!$I:$I, (입출고대장!$D:$D=B58)*(입출고대장!$E:$E=C58)*(입출고대장!$F:$F=D58)*(입출고대장!$I:$I<>""), ""))))} -> Cote Rotie La Landonne
A59: 프랑스 | B59: 꼬띠 로띠 라 랑돈 | C59: 2009 | D59: 6번랙 | E59: 4 | F59: 0 | G59: 4 | H59: 정상 | I59: {=IF(B59="", "", _xlfn.TEXTJOIN(", ", TRUE, _xlfn.UNIQUE(_xlfn._xlws.FILTER(입출고대장!$I:$I, (입출고대장!$D:$D=B59)*(입출고대장!$E:$E=C59)*(입출고대장!$F:$F=D59)*(입출고대장!$I:$I<>""), ""))))} -> Cote Rotie La Landonne
A60: 프랑스 | B60: 꼬띠 로띠 라 물린 | C60: 2007 | D60: 6번랙 | E60: 1 | F60: 0 | G60: 1 | H60: 정상 | I60: {=IF(B60="", "", _xlfn.TEXTJOIN(", ", TRUE, _xlfn.UNIQUE(_xlfn._xlws.FILTER(입출고대장!$I:$I, (입출고대장!$D:$D=B60)*(입출고대장!$E:$E=C60)*(입출고대장!$F:$F=D60)*(입출고대장!$I:$I<>""), ""))))} -> Cote Rotie La Mouline
A61: 프랑스 | B61: 꼬띠 로띠 라 물린 | C61: 2009 | D61: 6번랙 | E61: 4 | F61: 0 | G61: 4 | H61: 정상 | I61: {=IF(B61="", "", _xlfn.TEXTJOIN(", ", TRUE, _xlfn.UNIQUE(_xlfn._xlws.FILTER(입출고대장!$I:$I, (입출고대장!$D:$D=B61)*(입출고대장!$E:$E=C61)*(입출고대장!$F:$F=D61)*(입출고대장!$I:$I<>""), ""))))} -> Cote Rotie La Mouline
A62: 프랑스 | B62: 자쿠스 셀로스 750ml 샴페인 | C62: NV | D62: 6번랙 | E62: 12 | F62: 0 | G62: 12 | H62: 정상 | I62: {=IF(B62="", "", _xlfn.TEXTJOIN(", ", TRUE, _xlfn.UNIQUE(_xlfn._xlws.FILTER(입출고대장!$I:$I, (입출고대장!$D:$D=B62)*(입출고대장!$E:$E=C62)*(입출고대장!$F:$F=D62)*(입출고대장!$I:$I<>""), ""))))} -> 샴페인
A63: 프랑스 | B63: 파빌리온 루즈 샤또 마고 | C63: 2008 | D63: 6번랙 | E63: 12 | F63: 0 | G63: 12 | H63: 정상 | I63: {=IF(B63="", "", _xlfn.TEXTJOIN(", ", TRUE, _xlfn.UNIQUE(_xlfn._xlws.FILTER(입출고대장!$I:$I, (입출고대장!$D:$D=B63)*(입출고대장!$E:$E=C63)*(입출고대장!$F:$F=D63)*(입출고대장!$I:$I<>""), ""))))} -> Pavillon Rouge
A64: 프랑스 | B64: 볼랭저, 007 그랑아네 009 1500ml | C64: 2009 | D64: 7번랙 | E64: 6 | F64: 0 | G64: 6 | H64: 정상 | I64: {=IF(B64="", "", _xlfn.TEXTJOIN(", ", TRUE, _xlfn.UNIQUE(_xlfn._xlws.FILTER(입출고대장!$I:$I, (입출고대장!$D:$D=B64)*(입출고대장!$E:$E=C64)*(입출고대장!$F:$F=D64)*(입출고대장!$I:$I<>""), ""))))} -> 매그넘
A65: 프랑스 | B65: 볼랭저, 피엔 18 AYC 1500ml | C65: NV | D65: 7번랙 | E65: 6 | F65: 0 | G65: 6 | H65: 정상 | I65: {=IF(B65="", "", _xlfn.TEXTJOIN(", ", TRUE, _xlfn.UNIQUE(_xlfn._xlws.FILTER(입출고대장!$I:$I, (입출고대장!$D:$D=B65)*(입출고대장!$E:$E=C65)*(입출고대장!$F:$F=D65)*(입출고대장!$I:$I<>""), ""))))} -> 매그넘
A66: 프랑스 | B66: 페블레, 꼬르똥 끌로 데 꼬르똥 그랑 크뤼 | C66: 2010 | D66: 7번랙 | E66: 12 | F66: 0 | G66: 12 | H66: 정상 | I66: {=IF(B66="", "", _xlfn.TEXTJOIN(", ", TRUE, _xlfn.UNIQUE(_xlfn._xlws.FILTER(입출고대장!$I:$I, (입출고대장!$D:$D=B66)*(입출고대장!$E:$E=C66)*(입출고대장!$F:$F=D66)*(입출고대장!$I:$I<>""), ""))))} -> Faiveley
A67: 프랑스 | B67: 샤또 꼬스 데 뚜르넬 | C67: 2006 | D67: 8번랙 | E67: 12 | F67: 0 | G67: 12 | H67: 정상 | I67: {=IF(B67="", "", _xlfn.TEXTJOIN(", ", TRUE, _xlfn.UNIQUE(_xlfn._xlws.FILTER(입출고대장!$I:$I, (입출고대장!$D:$D=B67)*(입출고대장!$E:$E=C67)*(입출고대장!$F:$F=D67)*(입출고대장!$I:$I<>""), ""))))} -> Ch.Cos d'estournel
A68: 프랑스 | B68: 샤또 오-브리옹 | C68: 1994 | D68: 8번랙 | E68: 18 | F68: 0 | G68: 18 | H68: 정상 | I68: {=IF(B68="", "", _xlfn.TEXTJOIN(", ", TRUE, _xlfn.UNIQUE(_xlfn._xlws.FILTER(입출고대장!$I:$I, (입출고대장!$D:$D=B68)*(입출고대장!$E:$E=C68)*(입출고대장!$F:$F=D68)*(입출고대장!$I:$I<>""), ""))))} -> Ch.Haut-Brion
A69: 프랑스 | B69: 샤또 피지악 | C69: 2005 | D69: 8번랙 | E69: 18 | F69: 0 | G69: 18 | H69: 정상 | I69: {=IF(B69="", "", _xlfn.TEXTJOIN(", ", TRUE, _xlfn.UNIQUE(_xlfn._xlws.FILTER(입출고대장!$I:$I, (입출고대장!$D:$D=B69)*(입출고대장!$E:$E=C69)*(입출고대장!$F:$F=D69)*(입출고대장!$I:$I<>""), ""))))} -> Ch.Figeac
A70: 프랑스 | B70: 샤또 피지악 | C70: 2006 | D70: 8번랙 | E70: 6 | F70: 0 | G70: 6 | H70: 정상 | I70: {=IF(B70="", "", _xlfn.TEXTJOIN(", ", TRUE, _xlfn.UNIQUE(_xlfn._xlws.FILTER(입출고대장!$I:$I, (입출고대장!$D:$D=B70)*(입출고대장!$E:$E=C70)*(입출고대장!$F:$F=D70)*(입출고대장!$I:$I<>""), ""))))} -> Ch.Figeac
A71: 미국 | B71: 씨네퀴넌 | C71: 2011 | D71: 9번랙 | E71: 22 | F71: 0 | G71: 22 | H71: 정상 | I71: {=IF(B71="", "", _xlfn.TEXTJOIN(", ", TRUE, _xlfn.UNIQUE(_xlfn._xlws.FILTER(입출고대장!$I:$I, (입출고대장!$D:$D=B71)*(입출고대장!$E:$E=C71)*(입출고대장!$F:$F=D71)*(입출고대장!$I:$I<>""), ""))))} -> Sine Qua Non
A72: 프랑스 | B72: 샤또 마고 | C72: 2005 | D72: 9번랙 | E72: 5 | F72: 0 | G72: 5 | H72: 정상 | I72: {=IF(B72="", "", _xlfn.TEXTJOIN(", ", TRUE, _xlfn.UNIQUE(_xlfn._xlws.FILTER(입출고대장!$I:$I, (입출고대장!$D:$D=B72)*(입출고대장!$E:$E=C72)*(입출고대장!$F:$F=D72)*(입출고대장!$I:$I<>""), ""))))} -> Ch.Margaux
A73: 미국 | B73: 도미누스 | C73: 2009 | D73: 10번랙 | E73: 2 | F73: 0 | G73: 2 | H73: 정상 | I73: {=IF(B73="", "", _xlfn.TEXTJOIN(", ", TRUE, _xlfn.UNIQUE(_xlfn._xlws.FILTER(입출고대장!$I:$I, (입출고대장!$D:$D=B73)*(입출고대장!$E:$E=C73)*(입출고대장!$F:$F=D73)*(입출고대장!$I:$I<>""), ""))))} -> Dominus
A74: 미국 | B74: 도미누스 | C74: 2010 | D74: 10번랙 | E74: 4 | F74: 0 | G74: 4 | H74: 정상 | I74: {=IF(B74="", "", _xlfn.TEXTJOIN(", ", TRUE, _xlfn.UNIQUE(_xlfn._xlws.FILTER(입출고대장!$I:$I, (입출고대장!$D:$D=B74)*(입출고대장!$E:$E=C74)*(입출고대장!$F:$F=D74)*(입출고대장!$I:$I<>""), ""))))} -> Dominus
A75: 미국 | B75: 문차이 코 레오니스 | C75: 2010 | D75: 10번랙 | E75: 6 | F75: 0 | G75: 6 | H75: 정상 | I75: {=IF(B75="", "", _xlfn.TEXTJOIN(", ", TRUE, _xlfn.UNIQUE(_xlfn._xlws.FILTER(입출고대장!$I:$I, (입출고대장!$D:$D=B75)*(입출고대장!$E:$E=C75)*(입출고대장!$F:$F=D75)*(입출고대장!$I:$I<>""), ""))))} -> Moon Tsai Cor Leonis
A76: 미국 | B76: 오소메 | C76: 2010 | D76: 10번랙 | E76: 2 | F76: 0 | G76: 2 | H76: 정상 | I76: {=IF(B76="", "", _xlfn.TEXTJOIN(", ", TRUE, _xlfn.UNIQUE(_xlfn._xlws.FILTER(입출고대장!$I:$I, (입출고대장!$D:$D=B76)*(입출고대장!$E:$E=C76)*(입출고대장!$F:$F=D76)*(입출고대장!$I:$I<>""), ""))))} -> Au Sommet
A77: 미국 | B77: 오소메 | C77: 2011 | D77: 10번랙 | E77: 1 | F77: 0 | G77: 1 | H77: 정상 | I77: {=IF(B77="", "", _xlfn.TEXTJOIN(", ", TRUE, _xlfn.UNIQUE(_xlfn._xlws.FILTER(입출고대장!$I:$I, (입출고대장!$D:$D=B77)*(입출고대장!$E:$E=C77)*(입출고대장!$F:$F=D77)*(입출고대장!$I:$I<>""), ""))))} -> Au Sommet
... A96: 프랑스 | B96: 아르망드 브리냑 로제 750ml | C96: 2003 | D96: 14번랙 | E96: 15 | F96: 0 | G96: 15 | H96: 정상 | I96: {=IF(B96="", "", _xlfn.TEXTJOIN(", ", TRUE, _xlfn.UNIQUE(_xlfn._xlws.FILTER(입출고대장!$I:$I, (입출고대장!$D:$D=B96)*(입출고대장!$E:$E=C96)*(입출고대장!$F:$F=D96)*(입출고대장!$I:$I<>""), ""))))} -> 샴페인
A97: 프랑스 | B97: 자크숑 릴레징 | C97: NV | D97: 14번랙 | E97: 1 | F97: 0 | G97: 1 | H97: 정상 | I97: {=IF(B97="", "", _xlfn.TEXTJOIN(", ", TRUE, _xlfn.UNIQUE(_xlfn._xlws.FILTER(입출고대장!$I:$I, (입출고대장!$D:$D=B97)*(입출고대장!$E:$E=C97)*(입출고대장!$F:$F=D97)*(입출고대장!$I:$I<>""), ""))))} -> 샴페인
A98: 프랑스 | B98: 크룩 KRUG 샴페인 | C98: 1998 | D98: 14번랙 | E98: 1 | F98: 0 | G98: 1 | H98: 정상 | I98: {=IF(B98="", "", _xlfn.TEXTJOIN(", ", TRUE, _xlfn.UNIQUE(_xlfn._xlws.FILTER(입출고대장!$I:$I, (입출고대장!$D:$D=B98)*(입출고대장!$E:$E=C98)*(입출고대장!$F:$F=D98)*(입출고대장!$I:$I<>""), ""))))} -> 샴페인
A99: 미국 | B99: 오퍼스원 | C99: 2010 | D99: 15번랙 | E99: 2 | F99: 0 | G99: 2 | H99: 정상 | I99: {=IF(B99="", "", _xlfn.TEXTJOIN(", ", TRUE, _xlfn.UNIQUE(_xlfn._xlws.FILTER(입출고대장!$I:$I, (입출고대장!$D:$D=B99)*(입출고대장!$E:$E=C99)*(입출고대장!$F:$F=D99)*(입출고대장!$I:$I<>""), ""))))} -> 매그넘 (Opus One)
A100: 미국 | B100: 케이머스 S.셀렉션 (매그넘) | C100: 2013 | D100: 15번랙 | E100: 1 | F100: 0 | G100: 1 | H100: 정상 | I100: {=IF(B100="", "", _xlfn.TEXTJOIN(", ", TRUE, _xlfn.UNIQUE(_xlfn._xlws.FILTER(입출고대장!$I:$I, (입출고대장!$D:$D=B100)*(입출고대장!$E:$E=C100)*(입출고대장!$F:$F=D100)*(입출고대장!$I:$I<>""), ""))))} -> 매그넘 (Caymus S. Selection)
A101: 프랑스 | B101: (OT) 올리비에 귀요 샹볼 뮈지니 1등급 레 보드 | C101: 2020 | D101: 15번랙 | E101: 2 | F101: 0 | G101: 2 | H101: 정상 | I101: {=IF(B101="", "", _xlfn.TEXTJOIN(", ", TRUE, _xlfn.UNIQUE(_xlfn._xlws.FILTER(입출고대장!$I:$I, (입출고대장!$D:$D=B101)*(입출고대장!$E:$E=C101)*(입출고대장!$F:$F=D101)*(입출고대장!$I:$I<>""), ""))))} -> Olivier Guyot
A102: 프랑스 | B102: 도멘 A.F. 그로 본 로마네 끌로 드 라 퐁텐 (매그넘) | C102: 2020 | D102: 15번랙 | E102: 1 | F102: 0 | G102: 1 | H102: 정상 | I102: {=IF(B102="", "", _xlfn.TEXTJOIN(", ", TRUE, _xlfn.UNIQUE(_xlfn._xlws.FILTER(입출고대장!$I:$I, (입출고대장!$D:$D=B102)*(입출고대장!$E:$E=C102)*(입출고대장!$F:$F=D102)*(입출고대장!$I:$I<>""), ""))))} -> 매그넘
A103: 프랑스 | B103: 도멘 장테 팡시오 샤름 샹베르탱 그랑 크뤼 (매그넘) | C103: 2019 | D103: 15번랙 | E103: 2 | F103: 0 | G103: 2 | H103: 정상 | I103: {=IF(B103="", "", _xlfn.TEXTJOIN(", ", TRUE, _xlfn.UNIQUE(_xlfn._xlws.FILTER(입출고대장!$I:$I, (입출고대장!$D:$D=B103)*(입출고대장!$E:$E=C103)*(입출고대장!$F:$F=D103)*(입출고대장!$I:$I<>""), ""))))} -> 매그넘
A104: 프랑스 | B104: 메종 카미유 지로 샹볼 뮈지니 1등급 레 제샹주 | C104: 2017 | D104: 15번랙 | E104: 2 | F104: 0 | G104: 2 | H104: 정상 | I104: {=IF(B104="", "", _xlfn.TEXTJOIN(", ", TRUE, _xlfn.UNIQUE(_xlfn._xlws.FILTER(입출고대장!$I:$I, (입출고대장!$D:$D=B104)*(입출고대장!$E:$E=C104)*(입출고대장!$F:$F=D104)*(입출고대장!$I:$I<>""), ""))))} -> MAISON CAMILLE GIROUD
A105: 프랑스 | B105: 샤또 라플레르 | C105: 1995 | D105: 15번랙 | E105: 5 | F105: 0 | G105: 5 | H105: 정상 | I105: {=IF(B105="", "", _xlfn.TEXTJOIN(", ", TRUE, _xlfn.UNIQUE(_xlfn._xlws.FILTER(입출고대장!$I:$I, (입출고대장!$D:$D=B105)*(입출고대장!$E:$E=C105)*(입출고대장!$F:$F=D105)*(입출고대장!$I:$I<>""), ""))))} -> Ch.Lafleur
A106: 프랑스 | B106: 샤또 앙젤루스 | C106: 2003 | D106: 15번랙 | E106: 36 | F106: 0 | G106: 36 | H106: 정상 | I106: {=IF(B106="", "", _xlfn.TEXTJOIN(", ", TRUE, _xlfn.UNIQUE(_xlfn._xlws.FILTER(입출고대장!$I:$I, (입출고대장!$D:$D=B106)*(입출고대장!$E:$E=C106)*(입출고대장!$F:$F=D106)*(입출고대장!$I:$I<>""), ""))))} -> Ch.Angelus
A107: 프랑스 | B107: 샤또 앙젤루스 | C107: 2005 | D107: 15번랙 | E107: 6 | F107: 0 | G107: 6 | H107: 정상 | I107: {=IF(B107="", "", _xlfn.TEXTJOIN(", ", TRUE, _xlfn.UNIQUE(_xlfn._xlws.FILTER(입출고대장!$I:$I, (입출고대장!$D:$D=B107)*(입출고대장!$E:$E=C107)*(입출고대장!$F:$F=D107)*(입출고대장!$I:$I<>""), ""))))} -> Ch.Angelus
A108: 프랑스 | B108: 프랑수아 까리용 퓔리니 몽라셰 | C108: 2020 | D108: 15번랙 | E108: 2 | F108: 0 | G108: 2 | H108: 정상 | I108: {=IF(B108="", "", _xlfn.TEXTJOIN(", ", TRUE, _xlfn.UNIQUE(_xlfn._xlws.FILTER(입출고대장!$I:$I, (입출고대장!$D:$D=B108)*(입출고대장!$E:$E=C108)*(입출고대장!$F:$F=D108)*(입출고대장!$I:$I<>""), ""))))} -> Carillon Francois Puligny Montrachet
A109: 포르투갈 | B109: 테일러스 빈티지 포트 | C109: 1964 | D109: 16번랙 | E109: 6 | F109: 0 | G109: 6 | H109: 정상 | I109: {=IF(B109="", "", _xlfn.TEXTJOIN(", ", TRUE, _xlfn.UNIQUE(_xlfn._xlws.FILTER(입출고대장!$I:$I, (입출고대장!$D:$D=B109)*(입출고대장!$E:$E=C109)*(입출고대장!$F:$F=D109)*(입출고대장!$I:$I<>""), ""))))} -> Taylor's Vintage Port
... A120: 이탈리아 | B120: VINO ROSSO | C120: 2010 | D120: 18번랙 | E120: 6 | F120: 0 | G120: 6 | H120: 정상 | I120: {=IF(B120="", "", _xlfn.TEXTJOIN(", ", TRUE, _xlfn.UNIQUE(_xlfn._xlws.FILTER(입출고대장!$I:$I, (입출고대장!$D:$D=B120)*(입출고대장!$E:$E=C120)*(입출고대장!$F:$F=D120)*(입출고대장!$I:$I<>""), ""))))} -> 1박스 (6병 기준)
A121: 이탈리아 | B121: 가야 나무 박스 | C121: NV | D121: 18번랙 | E121: 12 | F121: 0 | G121: 12 | H121: 정상 | I121: {=IF(B121="", "", _xlfn.TEXTJOIN(", ", TRUE, _xlfn.UNIQUE(_xlfn._xlws.FILTER(입출고대장!$I:$I, (입출고대장!$D:$D=B121)*(입출고대장!$E:$E=C121)*(입출고대장!$F:$F=D121)*(입출고대장!$I:$I<>""), ""))))} -> Gaja Wood Box
A122: 이탈리아 | B122: 가야, 스페르스 | C122: 1997 | D122: 19번랙 | E122: 6 | F122: 0 | G122: 6 | H122: 정상 | I122: {=IF(B122="", "", _xlfn.TEXTJOIN(", ", TRUE, _xlfn.UNIQUE(_xlfn._xlws.FILTER(입출고대장!$I:$I, (입출고대장!$D:$D=B122)*(입출고대장!$E:$E=C122)*(입출고대장!$F:$F=D122)*(입출고대장!$I:$I<>""), ""))))} -> Gaja Sperss
A123: 이탈리아 | B123: 가야, 스페르스 | C123: 2004 | D123: 19번랙 | E123: 2 | F123: 0 | G123: 2 | H123: 정상 | I123: {=IF(B123="", "", _xlfn.TEXTJOIN(", ", TRUE, _xlfn.UNIQUE(_xlfn._xlws.FILTER(입출고대장!$I:$I, (입출고대장!$D:$D=B123)*(입출고대장!$E:$E=C123)*(입출고대장!$F:$F=D123)*(입출고대장!$I:$I<>""), ""))))} -> Gaja Sperss
A124: 이탈리아 | B124: 가야, 스페르스 | C124: 2011 | D124: 19번랙 | E124: 2 | F124: 0 | G124: 2 | H124: 정상 | I124: {=IF(B124="", "", _xlfn.TEXTJOIN(", ", TRUE, _xlfn.UNIQUE(_xlfn._xlws.FILTER(입출고대장!$I:$I, (입출고대장!$D:$D=B124)*(입출고대장!$E:$E=C124)*(입출고대장!$F:$F=D124)*(입출고대장!$I:$I<>""), ""))))} -> Gaja Sperss
A125: 이탈리아 | B125: 가야, 스페르스 | C125: 2013 | D125: 19번랙 | E125: 2 | F125: 0 | G125: 2 | H125: 정상 | I125: {=IF(B125="", "", _xlfn.TEXTJOIN(", ", TRUE, _xlfn.UNIQUE(_xlfn._xlws.FILTER(입출고대장!$I:$I, (입출고대장!$D:$D=B125)*(입출고대장!$E:$E=C125)*(입출고대장!$F:$F=D125)*(입출고대장!$I:$I<>""), ""))))} -> Gaja Sperss
A126: 이탈리아 | B126: 고르고나 Gorgona | C126: 2014 | D126: 19번랙 | E126: 6 | F126: 0 | G126: 6 | H126: 정상 | I126: {=IF(B126="", "", _xlfn.TEXTJOIN(", ", TRUE, _xlfn.UNIQUE(_xlfn._xlws.FILTER(입출고대장!$I:$I, (입출고대장!$D:$D=B126)*(입출고대장!$E:$E=C126)*(입출고대장!$F:$F=D126)*(입출고대장!$I:$I<>""), ""))))}
A127: 프랑스 | B127: 메종 로슈 드 벨렌 퓔리니 몽라셰 1등급 레 폴라티에르 | C127: 2017 | D127: 19번랙 | E127: 6 | F127: 0 | G127: 6 | H127: 정상 | I127: {=IF(B127="", "", _xlfn.TEXTJOIN(", ", TRUE, _xlfn.UNIQUE(_xlfn._xlws.FILTER(입출고대장!$I:$I, (입출고대장!$D:$D=B127)*(입출고대장!$E:$E=C127)*(입출고대장!$F:$F=D127)*(입출고대장!$I:$I<>""), ""))))} -> 나무박스
A128: 프랑스 | B128: 샤또 디켐 | C128: 2005 | D128: 19번랙 | E128: 1 | F128: 0 | G128: 1 | H128: 정상 | I128: {=IF(B128="", "", _xlfn.TEXTJOIN(", ", TRUE, _xlfn.UNIQUE(_xlfn._xlws.FILTER(입출고대장!$I:$I, (입출고대장!$D:$D=B128)*(입출고대장!$E:$E=C128)*(입출고대장!$F:$F=D128)*(입출고대장!$I:$I<>""), ""))))} -> Ch.d'yquem
A129: 프랑스 | B129: 샤또 라피트 로칠드 | C129: 1999 | D129: 19번랙 | E129: 6 | F129: 0 | G129: 6 | H129: 정상 | I129: {=IF(B129="", "", _xlfn.TEXTJOIN(", ", TRUE, _xlfn.UNIQUE(_xlfn._xlws.FILTER(입출고대장!$I:$I, (입출고대장!$D:$D=B129)*(입출고대장!$E:$E=C129)*(입출고대장!$F:$F=D129)*(입출고대장!$I:$I<>""), ""))))} -> Ch.Lafite Rothschild
A130: 프랑스 | B130: 샤또 마고 | C130: 1996 | D130: 19번랙 | E130: 3 | F130: 0 | G130: 3 | H130: 정상 | I130: {=IF(B130="", "", _xlfn.TEXTJOIN(", ", TRUE, _xlfn.UNIQUE(_xlfn._xlws.FILTER(입출고대장!$I:$I, (입출고대장!$D:$D=B130)*(입출고대장!$E:$E=C130)*(입출고대장!$F:$F=D130)*(입출고대장!$I:$I<>""), ""))))} -> Ch.Margaux
A131: 프랑스 | B131: 샤또 마고 | C131: 2002 | D131: 19번랙 | E131: 1 | F131: 0 | G131: 1 | H131: 정상 | I131: {=IF(B131="", "", _xlfn.TEXTJOIN(", ", TRUE, _xlfn.UNIQUE(_xlfn._xlws.FILTER(입출고대장!$I:$I, (입출고대장!$D:$D=B131)*(입출고대장!$E:$E=C131)*(입출고대장!$F:$F=D131)*(입출고대장!$I:$I<>""), ""))))} -> Ch.Margaux
A132: 프랑스 | B132: 샤또 무똥 로칠드 | C132: 2003 | D132: 19번랙 | E132: 8 | F132: 0 | G132: 8 | H132: 정상 | I132: {=IF(B132="", "", _xlfn.TEXTJOIN(", ", TRUE, _xlfn.UNIQUE(_xlfn._xlws.FILTER(입출고대장!$I:$I, (입출고대장!$D:$D=B132)*(입출고대장!$E:$E=C132)*(입출고대장!$F:$F=D132)*(입출고대장!$I:$I<>""), ""))))} -> Ch.Mouton Rothschild
A133: 프랑스 | B133: 샤또 슈발 블랑 | C133: 2004 | D133: 19번랙 | E133: 1 | F133: 0 | G133: 1 | H133: 정상 | I133: {=IF(B133="", "", _xlfn.TEXTJOIN(", ", TRUE, _xlfn.UNIQUE(_xlfn._xlws.FILTER(입출고대장!$I:$I, (입출고대장!$D:$D=B133)*(입출고대장!$E:$E=C133)*(입출고대장!$F:$F=D133)*(입출고대장!$I:$I<>""), ""))))} -> Ch.Cheval Blanc
... A287: 미국 | B287: 레비아탄(매그넘) | C287: 2010 | D287: 중앙랙(2번줄) | E287: 4 | F287: 0 | G287: 4 | H287: 정상 | I287: {=IF(B287="", "", _xlfn.TEXTJOIN(", ", TRUE, _xlfn.UNIQUE(_xlfn._xlws.FILTER(입출고대장!$I:$I, (입출고대장!$D:$D=B287)*(입출고대장!$E:$E=C287)*(입출고대장!$F:$F=D287)*(입출고대장!$I:$I<>""), ""))))} -> 매그넘 (Leviathan)
A288: 미국 | B288: 씨네퀴넌 | C288: NV | D288: 중앙랙(2번줄) | E288: 2 | F288: 0 | G288: 2 | H288: 정상 | I288: {=IF(B288="", "", _xlfn.TEXTJOIN(", ", TRUE, _xlfn.UNIQUE(_xlfn._xlws.FILTER(입출고대장!$I:$I, (입출고대장!$D:$D=B288)*(입출고대장!$E:$E=C288)*(입출고대장!$F:$F=D288)*(입출고대장!$I:$I<>""), ""))))}
A289: 이탈리아 | B289: Brunello Di Montalcino (매그넘) | C289: 2005 | D289: 중앙랙(2번줄) | E289: 1 | F289: 0 | G289: 1 | H289: 정상 | I289: {=IF(B289="", "", _xlfn.TEXTJOIN(", ", TRUE, _xlfn.UNIQUE(_xlfn._xlws.FILTER(입출고대장!$I:$I, (입출고대장!$D:$D=B289)*(입출고대장!$E:$E=C289)*(입출고대장!$F:$F=D289)*(입출고대장!$I:$I<>""), ""))))} -> 매그넘
A290: 이탈리아 | B290: 가이아 앤 레이 750ml | C290: 2014 | D290: 중앙랙(2번줄) | E290: 3 | F290: 0 | G290: 3 | H290: 정상 | I290: {=IF(B290="", "", _xlfn.TEXTJOIN(", ", TRUE, _xlfn.UNIQUE(_xlfn._xlws.FILTER(입출고대장!$I:$I, (입출고대장!$D:$D=B290)*(입출고대장!$E:$E=C290)*(입출고대장!$F:$F=D290)*(입출고대장!$I:$I<>""), ""))))} -> 가야 가이아&레이
A291: 프랑스 | B291: 바따르 몽라쉐 750ml | C291: 2019 | D291: 중앙랙(2번줄) | E291: 2 | F291: 0 | G291: 2 | H291: 정상 | I291: {=IF(B291="", "", _xlfn.TEXTJOIN(", ", TRUE, _xlfn.UNIQUE(_xlfn._xlws.FILTER(입출고대장!$I:$I, (입출고대장!$D:$D=B291)*(입출고대장!$E:$E=C291)*(입출고대장!$F:$F=D291)*(입출고대장!$I:$I<>""), ""))))}
A292: 프랑스 | B292: 샤싼느 몽라쉐 레 마쥐르 750ml | C292: 2018 | D292: 중앙랙(2번줄) | E292: 4 | F292: 0 | G292: 4 | H292: 정상 | I292: {=IF(B292="", "", _xlfn.TEXTJOIN(", ", TRUE, _xlfn.UNIQUE(_xlfn._xlws.FILTER(입출고대장!$I:$I, (입출고대장!$D:$D=B292)*(입출고대장!$E:$E=C292)*(입출고대장!$F:$F=D292)*(입출고대장!$I:$I<>""), ""))))} -> 샤샤뉴 몽라셰
A293: 프랑스 | B293: 크로스 데라 트루피에르 푸리그니 몬트라체 1크루 750ml | C293: 2021 | D293: 중앙랙(2번줄) | E293: 1 | F293: 0 | G293: 1 | H293: 정상 | I293: {=IF(B293="", "", _xlfn.TEXTJOIN(", ", TRUE, _xlfn.UNIQUE(_xlfn._xlws.FILTER(입출고대장!$I:$I, (입출고대장!$D:$D=B293)*(입출고대장!$E:$E=C293)*(입출고대장!$F:$F=D293)*(입출고대장!$I:$I<>""), ""))))} -> 클로 드 라 트뤼피에르 1er
A294: 프랑스 | B294: 푸리그니 몬트라체 750ml | C294: 2021 | D294: 중앙랙(2번줄) | E294: 1 | F294: 0 | G294: 1 | H294: 정상 | I294: {=IF(B294="", "", _xlfn.TEXTJOIN(", ", TRUE, _xlfn.UNIQUE(_xlfn._xlws.FILTER(입출고대장!$I:$I, (입출고대장!$D:$D=B294)*(입출고대장!$E:$E=C294)*(입출고대장!$F:$F=D294)*(입출고대장!$I:$I<>""), ""))))} -> 퓔리니 몽라셰
A295: 프랑스 | B295: 퓔리니 몽라쉐 라 르블랑스 750ml | C295: 2019 | D295: 중앙랙(2번줄) | E295: 3 | F295: 0 | G295: 3 | H295: 정상 | I295: {=IF(B295="", "", _xlfn.TEXTJOIN(", ", TRUE, _xlfn.UNIQUE(_xlfn._xlws.FILTER(입출고대장!$I:$I, (입출고대장!$D:$D=B295)*(입출고대장!$E:$E=C295)*(입출고대장!$F:$F=D295)*(입출고대장!$I:$I<>""), ""))))}
A296: 미국 | B296: 스크리밍 이글 소비뇽 블랑 | C296: 2022 | D296: 중앙랙(3번줄) | E296: 2 | F296: 0 | G296: 2 | H296: 정상 | I296: {=IF(B296="", "", _xlfn.TEXTJOIN(", ", TRUE, _xlfn.UNIQUE(_xlfn._xlws.FILTER(입출고대장!$I:$I, (입출고대장!$D:$D=B296)*(입출고대장!$E:$E=C296)*(입출고대장!$F:$F=D296)*(입출고대장!$I:$I<>""), ""))))} -> Screaming Eagle
...
